Workbook

Sheet TOPSIS
A1: Концепции проектов | B1: Короткое название | E1: Критерии
A2: 1. СтудАктив — учёт инвентаря и мероприятий | B2: СтудАктив | E2: Техническая реализуемость
A3: 2. Посещаемость — QR-отметка на парах | B3: Посещаемость | E3: Практическая ценность
A4: 3. Мой рейтинг — трекер оценок и прогноз стипендии | B4: Мой рейтинг | E4: Понятность требований
A5: 4. Аудитории — бронирование аудиторий и оборудования | B5: Аудитории | E5: Потенциал развития
A11: Этап 1 — экспертные оценки (трехточечные оценки)
A12: Эксперт 1 Шабунин | B12: Техническая реализуемость | E12: Практическая ценность | H12: Понятность требований | K12: Потенциал развития
B13: I (песс) | C13: m (ожид) | D13: u (оптимист) | E13: I (песс) | F13: m (ожид) | G13: u (оптимист) | H13: I (песс) | I13: m (ожид) | J13: u (оптимист) | K13: I (песс) | L13: m (ожид) | M13: u (оптимист)
A14: СтудАктив
A15: Посещаемость
A16: Мой рейтинг
A17: Аудитории
A18: Вес критерия
A19: Тип критерия | B19: max | E19: max | H19: max | K19: max
A24: Эксперт 2 Попов | B24: Техническая реализуемость | E24: Практическая ценность | H24: Понятность требований | K24: Потенциал развития
B25: I (песс) | C25: m (ожид) | D25: u (оптимист) | E25: I (песс) | F25: m (ожид) | G25: u (оптимист) | H25: I (песс) | I25: m (ожид) | J25: u (оптимист) | K25: I (песс) | L25: m (ожид) | M25: u (оптимист)
A26: СтудАктив
A27: Посещаемость
A28: Мой рейтинг
A29: Аудитории
A30: Вес критерия
A31: Тип критерия | B31: max | E31: max | H31: max | K31: max
A36: Эксперт 3 Карманова | B36: Техническая реализуемость | E36: Практическая ценность | H36: Понятность требований | K36: Потенциал развития
B37: I (песс) | C37: m (ожид) | D37: u (оптимист) | E37: I (песс) | F37: m (ожид) | G37: u (оптимист) | H37: I (песс) | I37: m (ожид) | J37: u (оптимист) | K37: I (песс) | L37: m (ожид) | M37: u (оптимист)
A38: СтудАктив
A39: Посещаемость
A40: Мой рейтинг
A41: Аудитории
A42: Вес критерия
A43: Тип критерия | B43: max | E43: max | H43: max | K43: max
A49: Этап 2 — агрегация и нормализация | B49: Техническая реализуемость | E49: Практическая ценность | H49: Понятность требований | K49: Потенциал развития
B50: I | C50: m | D50: u | E50: I | F50: m | G50: u | H50: I | I50: m | J50: u | K50: I | L50: m | M50: u
A51: СтудАктив | B51: =MIN(B14,B26,B38) -> 0 | C51: =AVERAGE(C14,C26,C38) -> #DIV/0! | D51: =MAX(D14,D26,D38) -> 0 | E51: =MIN(E14,E26,E38) -> 0 | F51: =MIN(F14,F26,F38) -> 0 | G51: =MIN(G14,G26,G38) -> 0 | H51: =MIN(H14,H26,H38) -> 0 | I51: =MIN(I14,I26,I38) -> 0 | J51: =MIN(J14,J26,J38) -> 0 | K51: =MIN(K14,K26,K38) -> 0 | L51: =MIN(L14,L26,L38) -> 0 | M51: =MIN(M14,M26,M38) -> 0
A52: Посещаемость | B52: =MIN(B15,B27,B39) -> 0 | C52: =AVERAGE(C15,C27,C39) -> #DIV/0! | D52: =MAX(D15,D27,D39) -> 0 | E52: =MIN(E15,E27,E39) -> 0 | F52: =MIN(F15,F27,F39) -> 0 | G52: =MIN(G15,G27,G39) -> 0 | H52: =MIN(H15,H27,H39) -> 0 | I52: =MIN(I15,I27,I39) -> 0 | J52: =MIN(J15,J27,J39) -> 0 | K52: =MIN(K15,K27,K39) -> 0 | L52: =MIN(L15,L27,L39) -> 0 | M52: =MIN(M15,M27,M39) -> 0
A53: Мой рейтинг | B53: =MIN(B16,B28,B40) -> 0 | C53: =AVERAGE(C16,C28,C40) -> #DIV/0! | D53: =MAX(D16,D28,D40) -> 0 | E53: =MIN(E16,E28,E40) -> 0 | F53: =MIN(F16,F28,F40) -> 0 | G53: =MIN(G16,G28,G40) -> 0 | H53: =MIN(H16,H28,H40) -> 0 | I53: =MIN(I16,I28,I40) -> 0 | J53: =MIN(J16,J28,J40) -> 0 | K53: =MIN(K16,K28,K40) -> 0 | L53: =MIN(L16,L28,L40) -> 0 | M53: =MIN(M16,M28,M40) -> 0
A54: Аудитории | B54: =MIN(B17,B29,B41) -> 0 | C54: =AVERAGE(C17,C29,C41) -> #DIV/0! | D54: =MAX(D17,D29,D41) -> 0 | E54: =MIN(E17,E29,E41) -> 0 | F54: =MIN(F17,F29,F41) -> 0 | G54: =MIN(G17,G29,G41) -> 0 | H54: =MIN(H17,H29,H41) -> 0 | I54: =MIN(I17,I29,I41) -> 0 | J54: =MIN(J17,J29,J41) -> 0 | K54: =MIN(K17,K29,K41) -> 0 | L54: =MIN(L17,L29,L41) -> 0 | M54: =MIN(M17,M29,M41) -> 0
B55: Техническая реализуемость | E55: Практическая ценность | H55: Понятность требований | K55: Потенциал развития
A56: Нормализация | B56: I | C56: m | D56: u | E56: I | F56: m | G56: u | H56: I | I56: m | J56: u | K56: I | L56: m | M56: u
A57: СтудАктив | B57: =B51/MAX($D$51:$D$54) -> #DIV/0! | C57: =C51/MAX($D$51:$D$54) -> #DIV/0! | D57: =D51/MAX($D$51:$D$54) -> #DIV/0! | E57: =E51/MAX($G$51:$G$54) -> #DIV/0! | F57: =F51/MAX($G$51:$G$54) -> #DIV/0! | G57: =G51/MAX($G$51:$G$54) -> #DIV/0! | H57: =H51/MAX($J$51:$J$54) -> #DIV/0! | I57: =I51/MAX($J$51:$J$54) -> #DIV/0! | J57: =J51/MAX($J$51:$J$54) -> #DIV/0! | K57: =K51/MAX($M$51:$M$54) -> #DIV/0! | L57: =L51/MAX($M$51:$M$54) -> #DIV/0! | M57: =M51/MAX($M$51:$M$54) -> #DIV/0!
A58: Посещаемость | B58: =B52/MAX($D$51:$D$54) -> #DIV/0! | C58: =C52/MAX($D$51:$D$54) -> #DIV/0! | D58: =D52/MAX($D$51:$D$54) -> #DIV/0! | E58: =E52/MAX($G$51:$G$54) -> #DIV/0! | F58: =F52/MAX($G$51:$G$54) -> #DIV/0! | G58: =G52/MAX($G$51:$G$54) -> #DIV/0! | H58: =H52/MAX($J$51:$J$54) -> #DIV/0! | I58: =I52/MAX($J$51:$J$54) -> #DIV/0! | J58: =J52/MAX($J$51:$J$54) -> #DIV/0! | K58: =K52/MAX($M$51:$M$54) -> #DIV/0! | L58: =L52/MAX($M$51:$M$54) -> #DIV/0! | M58: =M52/MAX($M$51:$M$54) -> #DIV/0!
A59: Мой рейтинг | B59: =B53/MAX($D$51:$D$54) -> #DIV/0! | C59: =C53/MAX($D$51:$D$54) -> #DIV/0! | D59: =D53/MAX($D$51:$D$54) -> #DIV/0! | E59: =E53/MAX($G$51:$G$54) -> #DIV/0! | F59: =F53/MAX($G$51:$G$54) -> #DIV/0! | G59: =G53/MAX($G$51:$G$54) -> #DIV/0! | H59: =H53/MAX($J$51:$J$54) -> #DIV/0! | I59: =I53/MAX($J$51:$J$54) -> #DIV/0! | J59: =J53/MAX($J$51:$J$54) -> #DIV/0! | K59: =K53/MAX($M$51:$M$54) -> #DIV/0! | L59: =L53/MAX($M$51:$M$54) -> #DIV/0! | M59: =M53/MAX($M$51:$M$54) -> #DIV/0!
A60: Аудитории | B60: =B54/MAX($D$51:$D$54) -> #DIV/0! | C60: =C54/MAX($D$51:$D$54) -> #DIV/0! | D60: =D54/MAX($D$51:$D$54) -> #DIV/0! | E60: =E54/MAX($G$51:$G$54) -> #DIV/0! | F60: =F54/MAX($G$51:$G$54) -> #DIV/0! | G60: =G54/MAX($G$51:$G$54) -> #DIV/0! | H60: =H54/MAX($J$51:$J$54) -> #DIV/0! | I60: =I54/MAX($J$51:$J$54) -> #DIV/0! | J60: =J54/MAX($J$51:$J$54) -> #DIV/0! | K60: =K54/MAX($M$51:$M$54) -> #DIV/0! | L60: =L54/MAX($M$51:$M$54) -> #DIV/0! | M60: =M54/MAX($M$51:$M$54) -> #DIV/0!
A62: Этап 3 — взвешивание | B62: Техническая реализуемость | E62: Практическая ценность | H62: Понятность требований | K62: Потенциал развития
B63: I | C63: m | D63: u | E63: I | F63: m | G63: u | H63: I | I63: m | J63: u | K63: I | L63: m | M63: u
A64: СтудАктив | B64: =B57 * MIN($B$18,$B$30,$B$42) -> #DIV/0! | C64: =C57* AVERAGE($C$18,$C$30,$C$42) -> #DIV/0! | D64: =D57* MAX($D$18,$D$30,$D$42) -> #DIV/0! | E64: =E57 * MIN($E$18,$E$30,$E$42) -> #DIV/0! | F64: =F57* AVERAGE($F$18,$F$30,$F$42) -> #DIV/0! | G64: =G57* MAX($G$18,$G$30,$G$42) -> #DIV/0! | H64: =H57 * MIN($H$18,$H$30,$H$42) -> #DIV/0! | I64: =I57* AVERAGE($I$18,$I$30,$I$42) -> #DIV/0! | J64: =J57* MAX($J$18,$J$30,$J$42) -> #DIV/0! | K64: =K57 * MIN($K$18,$K$30,$K$42) -> #DIV/0! | L64: =L57* AVERAGE($L$18,$L$30,$L$42) -> #DIV/0! | M64: =M57* MAX($M$18,$M$30,$M$42) -> #DIV/0!
A65: Посещаемость | B65: =B58 * MIN($B$18,$B$30,$B$42) -> #DIV/0! | C65: =C58* AVERAGE($C$18,$C$30,$C$42) -> #DIV/0! | D65: =D58* MAX($D$18,$D$30,$D$42) -> #DIV/0! | E65: =E58 * MIN($E$18,$E$30,$E$42) -> #DIV/0! | F65: =F58* AVERAGE($F$18,$F$30,$F$42) -> #DIV/0! | G65: =G58* MAX($G$18,$G$30,$G$42) -> #DIV/0! | H65: =H58 * MIN($H$18,$H$30,$H$42) -> #DIV/0! | I65: =I58* AVERAGE($I$18,$I$30,$I$42) -> #DIV/0! | J65: =J58* MAX($J$18,$J$30,$J$42) -> #DIV/0! | K65: =K58 * MIN($K$18,$K$30,$K$42) -> #DIV/0! | L65: =L58* AVERAGE($L$18,$L$30,$L$42) -> #DIV/0! | M65: =M58* MAX($M$18,$M$30,$M$42) -> #DIV/0!
A66: Мой рейтинг | B66: =B59 * MIN($B$18,$B$30,$B$42) -> #DIV/0! | C66: =C59* AVERAGE($C$18,$C$30,$C$42) -> #DIV/0! | D66: =D59* MAX($D$18,$D$30,$D$42) -> #DIV/0! | E66: =E59 * MIN($E$18,$E$30,$E$42) -> #DIV/0! | F66: =F59* AVERAGE($F$18,$F$30,$F$42) -> #DIV/0! | G66: =G59* MAX($G$18,$G$30,$G$42) -> #DIV/0! | H66: =H59 * MIN($H$18,$H$30,$H$42) -> #DIV/0! | I66: =I59* AVERAGE($I$18,$I$30,$I$42) -> #DIV/0! | J66: =J59* MAX($J$18,$J$30,$J$42) -> #DIV/0! | K66: =K59 * MIN($K$18,$K$30,$K$42) -> #DIV/0! | L66: =L59* AVERAGE($L$18,$L$30,$L$42) -> #DIV/0! | M66: =M59* MAX($M$18,$M$30,$M$42) -> #DIV/0!
A67: Аудитории | B67: =B60 * MIN($B$18,$B$30,$B$42) -> #DIV/0! | C67: =C60* AVERAGE($C$18,$C$30,$C$42) -> #DIV/0! | D67: =D60* MAX($D$18,$D$30,$D$42) -> #DIV/0! | E67: =E60 * MIN($E$18,$E$30,$E$42) -> #DIV/0! | F67: =F60* AVERAGE($F$18,$F$30,$F$42) -> #DIV/0! | G67: =G60* MAX($G$18,$G$30,$G$42) -> #DIV/0! | H67: =H60 * MIN($H$18,$H$30,$H$42) -> #DIV/0! | I67: =I60* AVERAGE($I$18,$I$30,$I$42) -> #DIV/0! | J67: =J60* MAX($J$18,$J$30,$J$42) -> #DIV/0! | K67: =K60 * MIN($K$18,$K$30,$K$42) -> #DIV/0! | L67: =L60* AVERAGE($L$18,$L$30,$L$42) -> #DIV/0! | M67: =M60* MAX($M$18,$M$30,$M$42) -> #DIV/0!
A69: A+ (FPIS) | B69: =MAX(B64:B67) -> #DIV/0! | C69: =MAX(C64:C67) -> #DIV/0! | D69: =MAX(D64:D67) -> #DIV/0! | E69: =MAX(E64:E67) -> #DIV/0! | F69: =MAX(F64:F67) -> #DIV/0! | G69: =MAX(G64:G67) -> #DIV/0! | H69: =MAX(H64:H67) -> #DIV/0! | I69: =MAX(I64:I67) -> #DIV/0! | ... M69: =MAX(M64:M67) -> #DIV/0!
A70: A- (FNIS) | B70: =MIN(B64:B67) -> #DIV/0! | C70: =MIN(C64:C67) -> #DIV/0! | D70: =MIN(D64:D67) -> #DIV/0! | E70: =MIN(E64:E67) -> #DIV/0! | F70: =MIN(F64:F67) -> #DIV/0! | G70: =MIN(G64:G67) -> #DIV/0! | H70: =MIN(H64:H67) -> #DIV/0! | I70: =MIN(I64:I67) -> #DIV/0! | ... M70: =MIN(M64:M67) -> #DIV/0!
A72: Этап 4 — расстояния
A73: d* (до FPIS)
A74: СтудАктив | B74: =SQRT(((B64-B$69)^2+(C64-C$69)^2+(D64-D$69)^2)/3)+SQRT(((E64-E$69)^2+(F64-F$69)^2+(G64-G$69)^2)/3)+SQRT(((H64-H$69)^2+(I64-I$69)^2+(J64-J$69)^2)/3)+SQRT(((K64-K$69)^2+(L64-L$69)^2+(M64-M$69)^2)/3)+SQRT(((#REF!-#REF!)^2+(#REF!-#REF!)^2+(#REF!-#REF!)^2)/3) -> #DIV/0!
A75: Посещаемость | B75: =SQRT(((B65-B$69)^2+(C65-C$69)^2+(D65-D$69)^2)/3)+SQRT(((E65-E$69)^2+(F65-F$69)^2+(G65-G$69)^2)/3)+SQRT(((H65-H$69)^2+(I65-I$69)^2+(J65-J$69)^2)/3)+SQRT(((K65-K$69)^2+(L65-L$69)^2+(M65-M$69)^2)/3)+SQRT(((#REF!-#REF!)^2+(#REF!-#REF!)^2+(#REF!-#REF!)^2)/3) -> #DIV/0!
A76: Мой рейтинг | B76: =SQRT(((B66-B$69)^2+(C66-C$69)^2+(D66-D$69)^2)/3)+SQRT(((E66-E$69)^2+(F66-F$69)^2+(G66-G$69)^2)/3)+SQRT(((H66-H$69)^2+(I66-I$69)^2+(J66-J$69)^2)/3)+SQRT(((K66-K$69)^2+(L66-L$69)^2+(M66-M$69)^2)/3)+SQRT(((#REF!-#REF!)^2+(#REF!-#REF!)^2+(#REF!-#REF!)^2)/3) -> #DIV/0!
A77: Аудитории | B77: =SQRT(((B67-B$69)^2+(C67-C$69)^2+(D67-D$69)^2)/3)+SQRT(((E67-E$69)^2+(F67-F$69)^2+(G67-G$69)^2)/3)+SQRT(((H67-H$69)^2+(I67-I$69)^2+(J67-J$69)^2)/3)+SQRT(((K67-K$69)^2+(L67-L$69)^2+(M67-M$69)^2)/3)+SQRT(((#REF!-#REF!)^2+(#REF!-#REF!)^2+(#REF!-#REF!)^2)/3) -> #DIV/0!
A79: d- (до FNIS)
A80: СтудАктив | B80: =SQRT(((B64-B$70)^2+(C64-C$70)^2+(D64-D$70)^2)/3)+SQRT(((E64-E$70)^2+(F64-F$70)^2+(G64-G$70)^2)/3)+SQRT(((H64-H$70)^2+(I64-I$70)^2+(J64-J$70)^2)/3)+SQRT(((K64-K$70)^2+(L64-L$70)^2+(M64-M$70)^2)/3)+SQRT(((#REF!-#REF!)^2+(#REF!-#REF!)^2+(#REF!-#REF!)^2)/3) -> #DIV/0!
A81: Посещаемость | B81: =SQRT(((B65-B$70)^2+(C65-C$70)^2+(D65-D$70)^2)/3)+SQRT(((E65-E$70)^2+(F65-F$70)^2+(G65-G$70)^2)/3)+SQRT(((H65-H$70)^2+(I65-I$70)^2+(J65-J$70)^2)/3)+SQRT(((K65-K$70)^2+(L65-L$70)^2+(M65-M$70)^2)/3)+SQRT(((#REF!-#REF!)^2+(#REF!-#REF!)^2+(#REF!-#REF!)^2)/3) -> #DIV/0!
A82: Мой рейтинг | B82: =SQRT(((B66-B$70)^2+(C66-C$70)^2+(D66-D$70)^2)/3)+SQRT(((E66-E$70)^2+(F66-F$70)^2+(G66-G$70)^2)/3)+SQRT(((H66-H$70)^2+(I66-I$70)^2+(J66-J$70)^2)/3)+SQRT(((K66-K$70)^2+(L66-L$70)^2+(M66-M$70)^2)/3)+SQRT(((#REF!-#REF!)^2+(#REF!-#REF!)^2+(#REF!-#REF!)^2)/3) -> #DIV/0!
A83: Аудитории | B83: =SQRT(((B67-B$70)^2+(C67-C$70)^2+(D67-D$70)^2)/3)+SQRT(((E67-E$70)^2+(F67-F$70)^2+(G67-G$70)^2)/3)+SQRT(((H67-H$70)^2+(I67-I$70)^2+(J67-J$70)^2)/3)+SQRT(((K67-K$70)^2+(L67-L$70)^2+(M67-M$70)^2)/3)+SQRT(((#REF!-#REF!)^2+(#REF!-#REF!)^2+(#REF!-#REF!)^2)/3) -> #DIV/0!
A86: Коэффициент близости CC и ранги
A87: Альтернатива | B87: CC | C87: Ранг
A88: СтудАктив | B88: =B80/(B80+B74) -> #DIV/0! | C88: =RANK(B88,$B$88:$B$91) -> #DIV/0!
A89: Посещаемость | B89: =B81/(B81+B75) -> #DIV/0! | C89: =RANK(B89,$B$88:$B$91) -> #DIV/0!
A90: Мой рейтинг | B90: =B82/(B82+B76) -> #DIV/0! | C90: =RANK(B90,$B$88:$B$91) -> #DIV/0!
A91: Аудитории | B91: =B83/(B83+B77) -> #DIV/0! | C91: =RANK(B91,$B$88:$B$91) -> #DIV/0!

Sheet МАИ Эксперт 1
A1: МАИ — метод анализа иерархий
A2: Матрицы построены из агрегированных ожидаемых оценок (m-компонент TFN с листа TOPSIS). При идеально согласованных данных CR = 0.
A4: 1. Матрица парных сравнений критериев
B5: С1 | C5: С2 | D5: С3 | E5: С4
A6: С1 | B6: 1 | C6: 0 | D6: 0 | E6: 0
A7: С2 | B7: =1/C6 -> #DIV/0! | C7: 1 | D7: 0 | E7: 0
A8: С3 | B8: =1/D6 -> #DIV/0! | C8: =1/D7 -> #DIV/0! | D8: 1 | E8: 0
A9: С4 | B9: =1/E6 -> #DIV/0! | C9: =1/E7 -> #DIV/0! | D9: =1/E8 -> #DIV/0! | E9: 1
A11: GM_i
A12: С1 | B12: =PRODUCT(B6:E6)^(1/4) -> 0
A13: С2 | B13: =PRODUCT(B7:E7)^(1/4) -> #DIV/0!
A14: С3 | B14: =PRODUCT(B8:E8)^(1/4) -> #DIV/0!
A15: С4 | B15: =PRODUCT(B9:E9)^(1/4) -> #DIV/0!
A16: Сумма GM | B16: =SUM(B12:B15) -> #DIV/0!
A18: Вектор приоритетов w
A19: С1 | B19: =B12/$B$16 -> #DIV/0!
A20: С2 | B20: =B13/$B$16 -> #DIV/0!
A21: С3 | B21: =B14/$B$16 -> #DIV/0!
A22: С4 | B22: =B15/$B$16 -> #DIV/0!
A24: Согласованность: Aw_i = Σ a_ij·w_j
A25: С1 | B25: =SUMPRODUCT(B6:E6,$B$19:$B$22) -> #DIV/0!
A26: С2 | B26: =SUMPRODUCT(B7:E7,$B$19:$B$22) -> #DIV/0!
A27: С3 | B27: =SUMPRODUCT(B8:E8,$B$19:$B$22) -> #DIV/0!
A28: С4 | B28: =SUMPRODUCT(B9:E9,$B$19:$B$22) -> #DIV/0!
A30: Aw_i / w_i
A31: С1 | B31: =B25/B19 -> #DIV/0!
A32: С2 | B32: =B26/B20 -> #DIV/0!
A33: С3 | B33: =B27/B21 -> #DIV/0!
A34: С4 | B34: =B28/B22 -> #DIV/0!
A36: λ_max | B36: =AVERAGE(B31:B34) -> #DIV/0!
A37: CI = (λ_max - n)/(n-1) | B37: =(B36-4)/(4-1) -> #DIV/0!
A38: RI | B38: 1.12
A39: CR = CI / RI | B39: =B37/B38 -> #DIV/0!
A40: Согласовано? (CR ≤ 0.1) | B40: =IF(B39<=0.1,"Да","Нет") -> #DIV/0!
A42: 2. Матрица альтернатив по критерию С1
B43: СтудАктив | C43: Посещаемость | D43: Мой рейтинг | E43: Аудитории
A44: СтудАктив | B44: 1 | C44: 0 | D44: 0 | E44: 0
A45: Посещаемость | B45: =1/C44 -> #DIV/0! | C45: 1 | D45: 0 | E45: 0
A46: Мой рейтинг | B46: =1/D44 -> #DIV/0! | C46: =1/D45 -> #DIV/0! | D46: 1 | E46: 0
A47: Аудитории | B47: =1/E44 -> #DIV/0! | C47: =1/E45 -> #DIV/0! | D47: =1/E46 -> #DIV/0! | E47: 1
A49: GM_i
A50: СтудАктив | B50: =PRODUCT(B44:E44)^(1/4) -> 0
A51: Посещаемость | B51: =PRODUCT(B45:E45)^(1/4) -> #DIV/0!
A52: Мой рейтинг | B52: =PRODUCT(B46:E46)^(1/4) -> #DIV/0!
A53: Аудитории | B53: =PRODUCT(B47:E47)^(1/4) -> #DIV/0!
A54: Сумма GM | B54: =SUM(B50:B53) -> #DIV/0!
A56: Вектор приоритетов w
A57: СтудАктив | B57: =B50/$B$54 -> #DIV/0!
A58: Посещаемость | B58: =B51/$B$54 -> #DIV/0!
A59: Мой рейтинг | B59: =B52/$B$54 -> #DIV/0!
A60: Аудитории | B60: =B53/$B$54 -> #DIV/0!
A62: Согласованность: Aw_i = Σ a_ij·w_j
A63: СтудАктив | B63: =SUMPRODUCT(B44:E44,$B$57:$B$60) -> #DIV/0!
A64: Посещаемость | B64: =SUMPRODUCT(B45:E45,$B$57:$B$60) -> #DIV/0!
A65: Мой рейтинг | B65: =SUMPRODUCT(B46:E46,$B$57:$B$60) -> #DIV/0!
A66: Аудитории | B66: =SUMPRODUCT(B47:E47,$B$57:$B$60) -> #DIV/0!
A68: Aw_i / w_i
A69: СтудАктив | B69: =B63/B57 -> #DIV/0!
A70: Посещаемость | B70: =B64/B58 -> #DIV/0!
A71: Мой рейтинг | B71: =B65/B59 -> #DIV/0!
A72: Аудитории | B72: =B66/B60 -> #DIV/0!
A74: λ_max | B74: =AVERAGE(B69:B72) -> #DIV/0!
A75: CI = (λ_max - n)/(n-1) | B75: =(B74-4)/(4-1) -> #DIV/0!
A76: RI | B76: 0.9
A77: CR = CI / RI | B77: =B75/B76 -> #DIV/0!
A78: Согласовано? (CR ≤ 0.1) | B78: =IF(B77<=0.1,"Да","Нет") -> #DIV/0!
A80: 3. Матрица альтернатив по критерию С2
B81: СтудАктив | C81: Посещаемость | D81: Мой рейтинг | E81: Аудитории
A82: СтудАктив | B82: 1 | C82: 0 | D82: 0 | E82: 0
A83: Посещаемость | B83: =1/C82 -> #DIV/0! | C83: 1 | D83: 0 | E83: 0
A84: Мой рейтинг | B84: =1/D82 -> #DIV/0! | C84: =1/D83 -> #DIV/0! | D84: 1 | E84: 0
A85: Аудитории | B85: =1/E82 -> #DIV/0! | C85: =1/E83 -> #DIV/0! | D85: =1/E84 -> #DIV/0! | E85: 1
A87: GM_i
A88: СтудАктив | B88: =PRODUCT(B82:E82)^(1/4) -> 0
A89: Посещаемость | B89: =PRODUCT(B83:E83)^(1/4) -> #DIV/0!
A90: Мой рейтинг | B90: =PRODUCT(B84:E84)^(1/4) -> #DIV/0!
A91: Аудитории | B91: =PRODUCT(B85:E85)^(1/4) -> #DIV/0!
A92: Сумма GM | B92: =SUM(B88:B91) -> #DIV/0!
A94: Вектор приоритетов w
A95: СтудАктив | B95: =B88/$B$92 -> #DIV/0!
A96: Посещаемость | B96: =B89/$B$92 -> #DIV/0!
A97: Мой рейтинг | B97: =B90/$B$92 -> #DIV/0!
A98: Аудитории | B98: =B91/$B$92 -> #DIV/0!
A100: Согласованность: Aw_i = Σ a_ij·w_j
A101: СтудАктив | B101: =SUMPRODUCT(B82:E82,$B$95:$B$98) -> #DIV/0!
A102: Посещаемость | B102: =SUMPRODUCT(B83:E83,$B$95:$B$98) -> #DIV/0!
A103: Мой рейтинг | B103: =SUMPRODUCT(B84:E84,$B$95:$B$98) -> #DIV/0!
A104: Аудитории | B104: =SUMPRODUCT(B85:E85,$B$95:$B$98) -> #DIV/0!
A106: Aw_i / w_i
A107: СтудАктив | B107: =B101/B95 -> #DIV/0!
A108: Посещаемость | B108: =B102/B96 -> #DIV/0!
A109: Мой рейтинг | B109: =B103/B97 -> #DIV/0!
A110: Аудитории | B110: =B104/B98 -> #DIV/0!
A112: λ_max | B112: =AVERAGE(B107:B110) -> #DIV/0!
A113: CI = (λ_max - n)/(n-1) | B113: =(B112-4)/(4-1) -> #DIV/0!
A114: RI | B114: 0.9
A115: CR = CI / RI | B115: =B113/B114 -> #DIV/0!
A116: Согласовано? (CR ≤ 0.1) | B116: =IF(B115<=0.1,"Да","Нет") -> #DIV/0!
A118: 4. Матрица альтернатив по критерию С3
B119: СтудАктив | C119: Посещаемость | D119: Мой рейтинг | E119: Аудитории
...

Sheet МАИ (Эксперт 2)
A1: МАИ — метод анализа иерархий
A2: Матрицы построены из агрегированных ожидаемых оценок (m-компонент TFN с листа TOPSIS). При идеально согласованных данных CR = 0.
A4: 1. Матрица парных сравнений критериев
B5: С1 | C5: С2 | D5: С3 | E5: С4
A6: С1 | B6: 1 | C6: 0 | D6: 0 | E6: 0
A7: С2 | B7: =1/C6 -> #DIV/0! | C7: 1 | D7: 0 | E7: 0
A8: С3 | B8: =1/D6 -> #DIV/0! | C8: =1/D7 -> #DIV/0! | D8: 1 | E8: 0
A9: С4 | B9: =1/E6 -> #DIV/0! | C9: =1/E7 -> #DIV/0! | D9: =1/E8 -> #DIV/0! | E9: 1
A11: GM_i
A12: С1 | B12: =PRODUCT(B6:E6)^(1/4) -> 0
A13: С2 | B13: =PRODUCT(B7:E7)^(1/4) -> #DIV/0!
A14: С3 | B14: =PRODUCT(B8:E8)^(1/4) -> #DIV/0!
A15: С4 | B15: =PRODUCT(B9:E9)^(1/4) -> #DIV/0!
A16: Сумма GM | B16: =SUM(B12:B15) -> #DIV/0!
A18: Вектор приоритетов w
A19: С1 | B19: =B12/$B$16 -> #DIV/0!
A20: С2 | B20: =B13/$B$16 -> #DIV/0!
A21: С3 | B21: =B14/$B$16 -> #DIV/0!
A22: С4 | B22: =B15/$B$16 -> #DIV/0!
A24: Согласованность: Aw_i = Σ a_ij·w_j
A25: С1 | B25: =SUMPRODUCT(B6:E6,$B$19:$B$22) -> #DIV/0!
A26: С2 | B26: =SUMPRODUCT(B7:E7,$B$19:$B$22) -> #DIV/0!
A27: С3 | B27: =SUMPRODUCT(B8:E8,$B$19:$B$22) -> #DIV/0!
A28: С4 | B28: =SUMPRODUCT(B9:E9,$B$19:$B$22) -> #DIV/0!
A30: Aw_i / w_i
A31: С1 | B31: =B25/B19 -> #DIV/0!
A32: С2 | B32: =B26/B20 -> #DIV/0!
A33: С3 | B33: =B27/B21 -> #DIV/0!
A34: С4 | B34: =B28/B22 -> #DIV/0!
A36: λ_max | B36: =AVERAGE(B31:B34) -> #DIV/0!
A37: CI = (λ_max - n)/(n-1) | B37: =(B36-4)/(4-1) -> #DIV/0!
A38: RI | B38: 1.12
A39: CR = CI / RI | B39: =B37/B38 -> #DIV/0!
A40: Согласовано? (CR ≤ 0.1) | B40: =IF(B39<=0.1,"Да","Нет") -> #DIV/0!
A42: 2. Матрица альтернатив по критерию С1
B43: СтудАктив | C43: Посещаемость | D43: Мой рейтинг | E43: Аудитории
A44: СтудАктив | B44: 1 | C44: 0 | D44: 0 | E44: 0
A45: Посещаемость | B45: =1/C44 -> #DIV/0! | C45: 1 | D45: 0 | E45: 0
A46: Мой рейтинг | B46: =1/D44 -> #DIV/0! | C46: =1/D45 -> #DIV/0! | D46: 1 | E46: 0
A47: Аудитории | B47: =1/E44 -> #DIV/0! | C47: =1/E45 -> #DIV/0! | D47: =1/E46 -> #DIV/0! | E47: 1
A49: GM_i
A50: СтудАктив | B50: =PRODUCT(B44:E44)^(1/4) -> 0
A51: Посещаемость | B51: =PRODUCT(B45:E45)^(1/4) -> #DIV/0!
A52: Мой рейтинг | B52: =PRODUCT(B46:E46)^(1/4) -> #DIV/0!
A53: Аудитории | B53: =PRODUCT(B47:E47)^(1/4) -> #DIV/0!
A54: Сумма GM | B54: =SUM(B50:B53) -> #DIV/0!
A56: Вектор приоритетов w
A57: СтудАктив | B57: =B50/$B$54 -> #DIV/0!
A58: Посещаемость | B58: =B51/$B$54 -> #DIV/0!
A59: Мой рейтинг | B59: =B52/$B$54 -> #DIV/0!
A60: Аудитории | B60: =B53/$B$54 -> #DIV/0!
A62: Согласованность: Aw_i = Σ a_ij·w_j
A63: СтудАктив | B63: =SUMPRODUCT(B44:E44,$B$57:$B$60) -> #DIV/0!
A64: Посещаемость | B64: =SUMPRODUCT(B45:E45,$B$57:$B$60) -> #DIV/0!
A65: Мой рейтинг | B65: =SUMPRODUCT(B46:E46,$B$57:$B$60) -> #DIV/0!
A66: Аудитории | B66: =SUMPRODUCT(B47:E47,$B$57:$B$60) -> #DIV/0!
A68: Aw_i / w_i
A69: СтудАктив | B69: =B63/B57 -> #DIV/0!
A70: Посещаемость | B70: =B64/B58 -> #DIV/0!
A71: Мой рейтинг | B71: =B65/B59 -> #DIV/0!
A72: Аудитории | B72: =B66/B60 -> #DIV/0!
A74: λ_max | B74: =AVERAGE(B69:B72) -> #DIV/0!
A75: CI = (λ_max - n)/(n-1) | B75: =(B74-4)/(4-1) -> #DIV/0!
A76: RI | B76: 0.9
A77: CR = CI / RI | B77: =B75/B76 -> #DIV/0!
A78: Согласовано? (CR ≤ 0.1) | B78: =IF(B77<=0.1,"Да","Нет") -> #DIV/0!
A80: 3. Матрица альтернатив по критерию С2
B81: СтудАктив | C81: Посещаемость | D81: Мой рейтинг | E81: Аудитории
A82: СтудАктив | B82: 1 | C82: 0 | D82: 0 | E82: 0
A83: Посещаемость | B83: =1/C82 -> #DIV/0! | C83: 1 | D83: 0 | E83: 0
A84: Мой рейтинг | B84: =1/D82 -> #DIV/0! | C84: =1/D83 -> #DIV/0! | D84: 1 | E84: 0
A85: Аудитории | B85: =1/E82 -> #DIV/0! | C85: =1/E83 -> #DIV/0! | D85: =1/E84 -> #DIV/0! | E85: 1
A87: GM_i
A88: СтудАктив | B88: =PRODUCT(B82:E82)^(1/4) -> 0
A89: Посещаемость | B89: =PRODUCT(B83:E83)^(1/4) -> #DIV/0!
A90: Мой рейтинг | B90: =PRODUCT(B84:E84)^(1/4) -> #DIV/0!
A91: Аудитории | B91: =PRODUCT(B85:E85)^(1/4) -> #DIV/0!
A92: Сумма GM | B92: =SUM(B88:B91) -> #DIV/0!
A94: Вектор приоритетов w
A95: СтудАктив | B95: =B88/$B$92 -> #DIV/0!
A96: Посещаемость | B96: =B89/$B$92 -> #DIV/0!
A97: Мой рейтинг | B97: =B90/$B$92 -> #DIV/0!
A98: Аудитории | B98: =B91/$B$92 -> #DIV/0!
A100: Согласованность: Aw_i = Σ a_ij·w_j
A101: СтудАктив | B101: =SUMPRODUCT(B82:E82,$B$95:$B$98) -> #DIV/0!
A102: Посещаемость | B102: =SUMPRODUCT(B83:E83,$B$95:$B$98) -> #DIV/0!
A103: Мой рейтинг | B103: =SUMPRODUCT(B84:E84,$B$95:$B$98) -> #DIV/0!
A104: Аудитории | B104: =SUMPRODUCT(B85:E85,$B$95:$B$98) -> #DIV/0!
A106: Aw_i / w_i
A107: СтудАктив | B107: =B101/B95 -> #DIV/0!
A108: Посещаемость | B108: =B102/B96 -> #DIV/0!
A109: Мой рейтинг | B109: =B103/B97 -> #DIV/0!
A110: Аудитории | B110: =B104/B98 -> #DIV/0!
A112: λ_max | B112: =AVERAGE(B107:B110) -> #DIV/0!
A113: CI = (λ_max - n)/(n-1) | B113: =(B112-4)/(4-1) -> #DIV/0!
A114: RI | B114: 0.9
A115: CR = CI / RI | B115: =B113/B114 -> #DIV/0!
A116: Согласовано? (CR ≤ 0.1) | B116: =IF(B115<=0.1,"Да","Нет") -> #DIV/0!
A118: 4. Матрица альтернатив по критерию С3
B119: СтудАктив | C119: Посещаемость | D119: Мой рейтинг | E119: Аудитории
...

Sheet МАИ (Эксперт 3)
A1: МАИ — метод анализа иерархий
A2: Матрицы построены из агрегированных ожидаемых оценок (m-компонент TFN с листа TOPSIS). При идеально согласованных данных CR = 0.
A4: 1. Матрица парных сравнений критериев
B5: С1 | C5: С2 | D5: С3 | E5: С4
A6: С1 | B6: 1 | C6: 0 | D6: 0 | E6: 0
A7: С2 | B7: =1/C6 -> #DIV/0! | C7: 1 | D7: 0 | E7: 0
A8: С3 | B8: =1/D6 -> #DIV/0! | C8: =1/D7 -> #DIV/0! | D8: 1 | E8: 0
A9: С4 | B9: =1/E6 -> #DIV/0! | C9: =1/E7 -> #DIV/0! | D9: =1/E8 -> #DIV/0! | E9: 1
A11: GM_i
A12: С1 | B12: =PRODUCT(B6:E6)^(1/4) -> 0
A13: С2 | B13: =PRODUCT(B7:E7)^(1/4) -> #DIV/0!
A14: С3 | B14: =PRODUCT(B8:E8)^(1/4) -> #DIV/0!
A15: С4 | B15: =PRODUCT(B9:E9)^(1/4) -> #DIV/0!
A16: Сумма GM | B16: =SUM(B12:B15) -> #DIV/0!
A18: Вектор приоритетов w
A19: С1 | B19: =B12/$B$16 -> #DIV/0!
A20: С2 | B20: =B13/$B$16 -> #DIV/0!
A21: С3 | B21: =B14/$B$16 -> #DIV/0!
A22: С4 | B22: =B15/$B$16 -> #DIV/0!
A24: Согласованность: Aw_i = Σ a_ij·w_j
A25: С1 | B25: =SUMPRODUCT(B6:E6,$B$19:$B$22) -> #DIV/0!
A26: С2 | B26: =SUMPRODUCT(B7:E7,$B$19:$B$22) -> #DIV/0!
A27: С3 | B27: =SUMPRODUCT(B8:E8,$B$19:$B$22) -> #DIV/0!
A28: С4 | B28: =SUMPRODUCT(B9:E9,$B$19:$B$22) -> #DIV/0!
A30: Aw_i / w_i
A31: С1 | B31: =B25/B19 -> #DIV/0!
A32: С2 | B32: =B26/B20 -> #DIV/0!
A33: С3 | B33: =B27/B21 -> #DIV/0!
A34: С4 | B34: =B28/B22 -> #DIV/0!
A36: λ_max | B36: =AVERAGE(B31:B34) -> #DIV/0!
A37: CI = (λ_max - n)/(n-1) | B37: =(B36-4)/(4-1) -> #DIV/0!
A38: RI | B38: 1.12
A39: CR = CI / RI | B39: =B37/B38 -> #DIV/0!
A40: Согласовано? (CR ≤ 0.1) | B40: =IF(B39<=0.1,"Да","Нет") -> #DIV/0!
A42: 2. Матрица альтернатив по критерию С1
B43: СтудАктив | C43: Посещаемость | D43: Мой рейтинг | E43: Аудитории
A44: СтудАктив | B44: 1 | C44: 0 | D44: 0 | E44: 0
A45: Посещаемость | B45: =1/C44 -> #DIV/0! | C45: 1 | D45: 0 | E45: 0
A46: Мой рейтинг | B46: =1/D44 -> #DIV/0! | C46: =1/D45 -> #DIV/0! | D46: 1 | E46: 0
A47: Аудитории | B47: =1/E44 -> #DIV/0! | C47: =1/E45 -> #DIV/0! | D47: =1/E46 -> #DIV/0! | E47: 1
A49: GM_i
A50: СтудАктив | B50: =PRODUCT(B44:E44)^(1/4) -> 0
A51: Посещаемость | B51: =PRODUCT(B45:E45)^(1/4) -> #DIV/0!
A52: Мой рейтинг | B52: =PRODUCT(B46:E46)^(1/4) -> #DIV/0!
A53: Аудитории | B53: =PRODUCT(B47:E47)^(1/4) -> #DIV/0!
A54: Сумма GM | B54: =SUM(B50:B53) -> #DIV/0!
A56: Вектор приоритетов w
A57: СтудАктив | B57: =B50/$B$54 -> #DIV/0!
A58: Посещаемость | B58: =B51/$B$54 -> #DIV/0!
A59: Мой рейтинг | B59: =B52/$B$54 -> #DIV/0!
A60: Аудитории | B60: =B53/$B$54 -> #DIV/0!
A62: Согласованность: Aw_i = Σ a_ij·w_j
A63: СтудАктив | B63: =SUMPRODUCT(B44:E44,$B$57:$B$60) -> #DIV/0!
A64: Посещаемость | B64: =SUMPRODUCT(B45:E45,$B$57:$B$60) -> #DIV/0!
A65: Мой рейтинг | B65: =SUMPRODUCT(B46:E46,$B$57:$B$60) -> #DIV/0!
A66: Аудитории | B66: =SUMPRODUCT(B47:E47,$B$57:$B$60) -> #DIV/0!
A68: Aw_i / w_i
A69: СтудАктив | B69: =B63/B57 -> #DIV/0!
A70: Посещаемость | B70: =B64/B58 -> #DIV/0!
A71: Мой рейтинг | B71: =B65/B59 -> #DIV/0!
A72: Аудитории | B72: =B66/B60 -> #DIV/0!
A74: λ_max | B74: =AVERAGE(B69:B72) -> #DIV/0!
A75: CI = (λ_max - n)/(n-1) | B75: =(B74-4)/(4-1) -> #DIV/0!
A76: RI | B76: 0.9
A77: CR = CI / RI | B77: =B75/B76 -> #DIV/0!
A78: Согласовано? (CR ≤ 0.1) | B78: =IF(B77<=0.1,"Да","Нет") -> #DIV/0!
A80: 3. Матрица альтернатив по критерию С2
B81: СтудАктив | C81: Посещаемость | D81: Мой рейтинг | E81: Аудитории
A82: СтудАктив | B82: 1 | C82: 0 | D82: 0 | E82: 0
A83: Посещаемость | B83: =1/C82 -> #DIV/0! | C83: 1 | D83: 0 | E83: 0
A84: Мой рейтинг | B84: =1/D82 -> #DIV/0! | C84: =1/D83 -> #DIV/0! | D84: 1 | E84: 0
A85: Аудитории | B85: =1/E82 -> #DIV/0! | C85: =1/E83 -> #DIV/0! | D85: =1/E84 -> #DIV/0! | E85: 1
A87: GM_i
A88: СтудАктив | B88: =PRODUCT(B82:E82)^(1/4) -> 0
A89: Посещаемость | B89: =PRODUCT(B83:E83)^(1/4) -> #DIV/0!
A90: Мой рейтинг | B90: =PRODUCT(B84:E84)^(1/4) -> #DIV/0!
A91: Аудитории | B91: =PRODUCT(B85:E85)^(1/4) -> #DIV/0!
A92: Сумма GM | B92: =SUM(B88:B91) -> #DIV/0!
A94: Вектор приоритетов w
A95: СтудАктив | B95: =B88/$B$92 -> #DIV/0!
A96: Посещаемость | B96: =B89/$B$92 -> #DIV/0!
A97: Мой рейтинг | B97: =B90/$B$92 -> #DIV/0!
A98: Аудитории | B98: =B91/$B$92 -> #DIV/0!
A100: Согласованность: Aw_i = Σ a_ij·w_j
A101: СтудАктив | B101: =SUMPRODUCT(B82:E82,$B$95:$B$98) -> #DIV/0!
A102: Посещаемость | B102: =SUMPRODUCT(B83:E83,$B$95:$B$98) -> #DIV/0!
A103: Мой рейтинг | B103: =SUMPRODUCT(B84:E84,$B$95:$B$98) -> #DIV/0!
A104: Аудитории | B104: =SUMPRODUCT(B85:E85,$B$95:$B$98) -> #DIV/0!
A106: Aw_i / w_i
A107: СтудАктив | B107: =B101/B95 -> #DIV/0!
A108: Посещаемость | B108: =B102/B96 -> #DIV/0!
A109: Мой рейтинг | B109: =B103/B97 -> #DIV/0!
A110: Аудитории | B110: =B104/B98 -> #DIV/0!
A112: λ_max | B112: =AVERAGE(B107:B110) -> #DIV/0!
A113: CI = (λ_max - n)/(n-1) | B113: =(B112-4)/(4-1) -> #DIV/0!
A114: RI | B114: 0.9
A115: CR = CI / RI | B115: =B113/B114 -> #DIV/0!
A116: Согласовано? (CR ≤ 0.1) | B116: =IF(B115<=0.1,"Да","Нет") -> #DIV/0!
A118: 4. Матрица альтернатив по критерию С3
B119: СтудАктив | C119: Посещаемость | D119: Мой рейтинг | E119: Аудитории
...

Sheet МАИ Итоги
A1: МАИ — метод анализа иерархий
A2: Матрицы построены из агрегированных ожидаемых оценок (m-компонент TFN с листа TOPSIS). При идеально согласованных данных CR = 0.
A4: 1. Матрица парных сравнений критериев
B5: С1 | C5: С2 | D5: С3 | E5: С4
A6: С1 | B6: 1 | C6: =('МАИ Эксперт 1'!C6 * 'МАИ (Эксперт 2)'!C6 * 'МАИ (Эксперт 3)'!C6)^(1/3) -> 0 | D6: =('МАИ Эксперт 1'!D6 * 'МАИ (Эксперт 2)'!D6 * 'МАИ (Эксперт 3)'!D6)^(1/3) -> 0 | E6: =('МАИ Эксперт 1'!E6 * 'МАИ (Эксперт 2)'!E6 * 'МАИ (Эксперт 3)'!E6)^(1/3) -> 0
A7: С2 | B7: =1/C6 -> #DIV/0! | C7: 1 | D7: =('МАИ Эксперт 1'!D7 * 'МАИ (Эксперт 2)'!D7 * 'МАИ (Эксперт 3)'!D7)^(1/3) -> 0 | E7: =('МАИ Эксперт 1'!E7 * 'МАИ (Эксперт 2)'!E7 * 'МАИ (Эксперт 3)'!E7)^(1/3) -> 0
A8: С3 | B8: =1/D6 -> #DIV/0! | C8: =1/D7 -> #DIV/0! | D8: 1 | E8: =('МАИ Эксперт 1'!E8 * 'МАИ (Эксперт 2)'!E8 * 'МАИ (Эксперт 3)'!E8)^(1/3) -> 0
A9: С4 | B9: =1/E6 -> #DIV/0! | C9: =1/E7 -> #DIV/0! | D9: =1/E8 -> #DIV/0! | E9: 1
A11: GM_i
A12: С1 | B12: =PRODUCT(B6:E6)^(1/4) -> 0
A13: С2 | B13: =PRODUCT(B7:E7)^(1/4) -> #DIV/0!
A14: С3 | B14: =PRODUCT(B8:E8)^(1/4) -> #DIV/0!
A15: С4 | B15: =PRODUCT(B9:E9)^(1/4) -> #DIV/0!
A16: Сумма GM | B16: =SUM(B12:B15) -> #DIV/0!
A18: Вектор приоритетов w
A19: С1 | B19: =B12/$B$16 -> #DIV/0!
A20: С2 | B20: =B13/$B$16 -> #DIV/0!
A21: С3 | B21: =B14/$B$16 -> #DIV/0!
A22: С4 | B22: =B15/$B$16 -> #DIV/0!
A24: Согласованность: Aw_i = Σ a_ij·w_j
A25: С1 | B25: =SUMPRODUCT(B6:E6,$B$19:$B$22) -> #DIV/0!
A26: С2 | B26: =SUMPRODUCT(B7:E7,$B$19:$B$22) -> #DIV/0!
A27: С3 | B27: =SUMPRODUCT(B8:E8,$B$19:$B$22) -> #DIV/0!
A28: С4 | B28: =SUMPRODUCT(B9:E9,$B$19:$B$22) -> #DIV/0!
A30: Aw_i / w_i
A31: С1 | B31: =B25/B19 -> #DIV/0!
A32: С2 | B32: =B26/B20 -> #DIV/0!
A33: С3 | B33: =B27/B21 -> #DIV/0!
A34: С4 | B34: =B28/B22 -> #DIV/0!
A36: λ_max | B36: =AVERAGE(B31:B34) -> #DIV/0!
A37: CI = (λ_max - n)/(n-1) | B37: =(B36-4)/(4-1) -> #DIV/0!
A38: RI | B38: 1.12
A39: CR = CI / RI | B39: =B37/B38 -> #DIV/0!
A40: Согласовано? (CR ≤ 0.1) | B40: =IF(B39<=0.1,"Да","Нет") -> #DIV/0!
A42: 2. Матрица альтернатив по критерию С1
B43: СтудАктив | C43: Посещаемость | D43: Мой рейтинг | E43: Аудитории
A44: СтудАктив | B44: 1 | C44: =('МАИ Эксперт 1'!C44 * 'МАИ (Эксперт 2)'!C44 * 'МАИ (Эксперт 3)'!C44)^(1/3) -> 0 | D44: =('МАИ Эксперт 1'!D44 * 'МАИ (Эксперт 2)'!D44 * 'МАИ (Эксперт 3)'!D44)^(1/3) -> 0 | E44: =('МАИ Эксперт 1'!E44 * 'МАИ (Эксперт 2)'!E44 * 'МАИ (Эксперт 3)'!E44)^(1/3) -> 0
A45: Посещаемость | B45: =1/C44 -> #DIV/0! | C45: 1 | D45: =('МАИ Эксперт 1'!D45 * 'МАИ (Эксперт 2)'!D45 * 'МАИ (Эксперт 3)'!D45)^(1/3) -> 0 | E45: =('МАИ Эксперт 1'!E45 * 'МАИ (Эксперт 2)'!E45 * 'МАИ (Эксперт 3)'!E45)^(1/3) -> 0
A46: Мой рейтинг | B46: =1/D44 -> #DIV/0! | C46: =1/D45 -> #DIV/0! | D46: 1 | E46: =('МАИ Эксперт 1'!E46 * 'МАИ (Эксперт 2)'!E46 * 'МАИ (Эксперт 3)'!E46)^(1/3) -> 0
A47: Аудитории | B47: =1/E44 -> #DIV/0! | C47: =1/E45 -> #DIV/0! | D47: =1/E46 -> #DIV/0! | E47: 1
A49: GM_i
A50: СтудАктив | B50: =PRODUCT(B44:E44)^(1/4) -> 0
A51: Посещаемость | B51: =PRODUCT(B45:E45)^(1/4) -> #DIV/0!
A52: Мой рейтинг | B52: =PRODUCT(B46:E46)^(1/4) -> #DIV/0!
A53: Аудитории | B53: =PRODUCT(B47:E47)^(1/4) -> #DIV/0!
A54: Сумма GM | B54: =SUM(B50:B53) -> #DIV/0!
A56: Вектор приоритетов w
A57: СтудАктив | B57: =B50/$B$54 -> #DIV/0!
A58: Посещаемость | B58: =B51/$B$54 -> #DIV/0!
A59: Мой рейтинг | B59: =B52/$B$54 -> #DIV/0!
A60: Аудитории | B60: =B53/$B$54 -> #DIV/0!
A62: Согласованность: Aw_i = Σ a_ij·w_j
A63: СтудАктив | B63: =SUMPRODUCT(B44:E44,$B$57:$B$60) -> #DIV/0!
A64: Посещаемость | B64: =SUMPRODUCT(B45:E45,$B$57:$B$60) -> #DIV/0!
A65: Мой рейтинг | B65: =SUMPRODUCT(B46:E46,$B$57:$B$60) -> #DIV/0!
A66: Аудитории | B66: =SUMPRODUCT(B47:E47,$B$57:$B$60) -> #DIV/0!
A68: Aw_i / w_i
A69: СтудАктив | B69: =B63/B57 -> #DIV/0!
A70: Посещаемость | B70: =B64/B58 -> #DIV/0!
A71: Мой рейтинг | B71: =B65/B59 -> #DIV/0!
A72: Аудитории | B72: =B66/B60 -> #DIV/0!
A74: λ_max | B74: =AVERAGE(B69:B72) -> #DIV/0!
A75: CI = (λ_max - n)/(n-1) | B75: =(B74-4)/(4-1) -> #DIV/0!
A76: RI | B76: 0.9
A77: CR = CI / RI | B77: =B75/B76 -> #DIV/0!
A78: Согласовано? (CR ≤ 0.1) | B78: =IF(B77<=0.1,"Да","Нет") -> #DIV/0!
A80: 3. Матрица альтернатив по критерию С2
B81: СтудАктив | C81: Посещаемость | D81: Мой рейтинг | E81: Аудитории
A82: СтудАктив | B82: 1 | C82: =('МАИ Эксперт 1'!C82 * 'МАИ (Эксперт 2)'!C82 * 'МАИ (Эксперт 3)'!C82)^(1/3) -> 0 | D82: =('МАИ Эксперт 1'!D82 * 'МАИ (Эксперт 2)'!D82 * 'МАИ (Эксперт 3)'!D82)^(1/3) -> 0 | E82: =('МАИ Эксперт 1'!E82 * 'МАИ (Эксперт 2)'!E82 * 'МАИ (Эксперт 3)'!E82)^(1/3) -> 0
A83: Посещаемость | B83: =1/C82 -> #DIV/0! | C83: 1 | D83: =('МАИ Эксперт 1'!D83 * 'МАИ (Эксперт 2)'!D83 * 'МАИ (Эксперт 3)'!D83)^(1/3) -> 0 | E83: =('МАИ Эксперт 1'!E83 * 'МАИ (Эксперт 2)'!E83 * 'МАИ (Эксперт 3)'!E83)^(1/3) -> 0
A84: Мой рейтинг | B84: =1/D82 -> #DIV/0! | C84: =1/D83 -> #DIV/0! | D84: 1 | E84: =('МАИ Эксперт 1'!E84 * 'МАИ (Эксперт 2)'!E84 * 'МАИ (Эксперт 3)'!E84)^(1/3) -> 0
A85: Аудитории | B85: =1/E82 -> #DIV/0! | C85: =1/E83 -> #DIV/0! | D85: =1/E84 -> #DIV/0! | E85: 1
A87: GM_i
A88: СтудАктив | B88: =PRODUCT(B82:E82)^(1/4) -> 0
A89: Посещаемость | B89: =PRODUCT(B83:E83)^(1/4) -> #DIV/0!
A90: Мой рейтинг | B90: =PRODUCT(B84:E84)^(1/4) -> #DIV/0!
A91: Аудитории | B91: =PRODUCT(B85:E85)^(1/4) -> #DIV/0!
A92: Сумма GM | B92: =SUM(B88:B91) -> #DIV/0!
A94: Вектор приоритетов w
A95: СтудАктив | B95: =B88/$B$92 -> #DIV/0!
A96: Посещаемость | B96: =B89/$B$92 -> #DIV/0!
A97: Мой рейтинг | B97: =B90/$B$92 -> #DIV/0!
A98: Аудитории | B98: =B91/$B$92 -> #DIV/0!
A100: Согласованность: Aw_i = Σ a_ij·w_j
A101: СтудАктив | B101: =SUMPRODUCT(B82:E82,$B$95:$B$98) -> #DIV/0!
A102: Посещаемость | B102: =SUMPRODUCT(B83:E83,$B$95:$B$98) -> #DIV/0!
A103: Мой рейтинг | B103: =SUMPRODUCT(B84:E84,$B$95:$B$98) -> #DIV/0!
A104: Аудитории | B104: =SUMPRODUCT(B85:E85,$B$95:$B$98) -> #DIV/0!
A106: Aw_i / w_i
A107: СтудАктив | B107: =B101/B95 -> #DIV/0!
A108: Посещаемость | B108: =B102/B96 -> #DIV/0!
A109: Мой рейтинг | B109: =B103/B97 -> #DIV/0!
A110: Аудитории | B110: =B104/B98 -> #DIV/0!
A112: λ_max | B112: =AVERAGE(B107:B110) -> #DIV/0!
A113: CI = (λ_max - n)/(n-1) | B113: =(B112-4)/(4-1) -> #DIV/0!
A114: RI | B114: 0.9
A115: CR = CI / RI | B115: =B113/B114 -> #DIV/0!
A116: Согласовано? (CR ≤ 0.1) | B116: =IF(B115<=0.1,"Да","Нет") -> #DIV/0!
A118: 4. Матрица альтернатив по критерию С3
B119: СтудАктив | C119: Посещаемость | D119: Мой рейтинг | E119: Аудитории
...

Sheet Итог
A1: Сводная таблица: TOPSIS vs МАИ
A2: TOPSIS: чем больше CC, тем лучше. МАИ: чем больше S, тем лучше.
A4: Альтернатива | B4: CC (TOPSIS) | C4: Ранг TOPSIS | D4: S (МАИ) | E4: Ранг МАИ | F4: Совпадение
A5: СтудАктив | B5: =TOPSIS!B88 -> #DIV/0! | C5: =TOPSIS!C88 -> #DIV/0! | D5: ='МАИ Эксперт 1'!F197 -> #DIV/0! | E5: ='МАИ Эксперт 1'!G197 -> #DIV/0! | F5: =IF(C5=E5,"Да","Нет") -> #DIV/0!
A6: Посещаемость | B6: =TOPSIS!B89 -> #DIV/0! | C6: =TOPSIS!C89 -> #DIV/0! | D6: ='МАИ Эксперт 1'!F198 -> #DIV/0! | E6: ='МАИ Эксперт 1'!G198 -> #DIV/0! | F6: =IF(C6=E6,"Да","Нет") -> #DIV/0!
A7: Мой рейтинг | B7: =TOPSIS!B90 -> #DIV/0! | C7: =TOPSIS!C90 -> #DIV/0! | D7: ='МАИ Эксперт 1'!F199 -> #DIV/0! | E7: ='МАИ Эксперт 1'!G199 -> #DIV/0! | F7: =IF(C7=E7,"Да","Нет") -> #DIV/0!
A8: Аудитории | B8: =TOPSIS!B91 -> #DIV/0! | C8: =TOPSIS!C91 -> #DIV/0! | D8: ='МАИ Эксперт 1'!F200 -> #DIV/0! | E8: ='МАИ Эксперт 1'!G200 -> #DIV/0! | F8: =IF(C8=E8,"Да","Нет") -> #DIV/0!
A11: Коэффициент ранговой корреляции Спирмена | D11: =1-6*((C5-E5)^2+(C6-E6)^2+(C7-E7)^2+(C8-E8)^2)/(4*(4^2-1)) -> #DIV/0! | E11: ρ
A13: Победитель по TOPSIS | D13: {=INDEX(A5:A8,MATCH(MAX(B5:B8),B5:B8,0))} -> #DIV/0!
A14: Победитель по МАИ | D14: {=INDEX(A5:A8,MATCH(MAX(D5:D8),D5:D8,0))} -> #DIV/0!
